cell_id,length_pixels,num_branches,num_components,soma_area,soma_perimeter,soma_circularity,cell_area,cell_perimeter,cell_convex_hull_area,cell_convex_hull_perimeter,cell_solidity,cell_convexity,cell_circularity,xmin,ymin,xmax,ymax,image_name,scan_folder,global_cell_id
0,125,10,3,419,79.25483322143555,0.8382477071288373,1140,293.5634891986847,3643.0,249.1204481124878,0.3129289047488334,0.8486084178672583,0.16623047025836962,93.8584,428.46722,202.51474,512.0,tile_00005_x78336_y2048_gray_matter,Image_2018-004_Temporal_pole_Iba1_Batch_3,tile_00005_x78336_y2048_gray_matter_cell_0
0,43,3,1,481,82.76955199241638,0.8822948239362974,839,185.1959581375122,1313.5,163.8844940662384,0.6387514274838219,0.8849247883938722,0.30740350622109636,277.04718,153.49197,363.09943,194.73648,tile_00009_x76800_y2560_gray_matter,Image_2018-004_Temporal_pole_Iba1_Batch_3,tile_00009_x76800_y2560_gray_matter_cell_0
0,80,4,3,406,75.94112491607666,0.8846711107984294,706,207.5807341337204,1889.0,227.6072939634323,0.3737427210164108,1.0964760044485202,0.20589247677557265,388.40875,292.5782,464.75616,404.09912,tile_00010_x77312_y2560_gray_matter,Image_2018-004_Temporal_pole_Iba1_Batch_3,tile_00010_x77312_y2560_gray_matter_cell_0
0,65,0,2,451,78.42640614509583,0.9214287900596905,868,217.722869515419,1634.5,176.45917749404907,0.5310492505353319,0.8104760785432893,0.23010258102918416,410.8769,442.45905,498.83868,509.92145,tile_00011_x77824_y2560_gray_matter,Image_2018-004_Temporal_pole_Iba1_Batch_3,tile_00011_x77824_y2560_gray_matter_cell_0
0,155,4,4,524,90.91168737411499,0.7967126517791598,1033,362.7766922712326,4560.0,308.4605972766876,0.22653508771929826,0.850276778658274,0.09863508705049898,340.44843,202.72241,444.74274,334.17432,tile_00012_x78336_y2560_gray_matter,Image_2018-004_Temporal_pole_Iba1_Batch_3,tile_00012_x78336_y2560_gray_matter_cell_0
0,108,0,4,976,120.32590091228485,0.8471131775530936,1221,269.2792184352875,3371.0,264.0294644832611,0.36220706021951943,0.9805044222033495,0.21160204069066274,7.0500793,256.2701,137.07025,365.91574,tile_00013_x78848_y2560_gray_matter,Image_2018-004_Temporal_pole_Iba1_Batch_3,tile_00013_x78848_y2560_gray_matter_cell_0
1,191,12,4,330,65.11269783973694,0.9781206411826349,1244,472.27416610717773,4785.5,282.3155440092087,0.25995193814648415,0.5977789264576037,0.07008770907866446,425.34045,361.1588,512.0,503.5442,tile_00013_x78848_y2560_gray_matter,Image_2018-004_Temporal_pole_Iba1_Batch_3,tile_00013_x78848_y2560_gray_matter_cell_1
0,97,6,4,432,93.01219260692596,0.627500167836884,952,278.7939372062683,2412.0,199.01992177963257,0.3946932006633499,0.7138602932831564,0.15391472195661185,228.56487,396.48596,310.20856,470.60522,tile_00016_x75776_y3072_gray_matter,Image_2018-004_Temporal_pole_Iba1_Batch_3,tile_00016_x75776_y3072_gray_matter_cell_0
1,256,9,5,611,103.15432798862457,0.7215661741294194,1395,521.7300097942352,7431.5,318.48012590408325,0.18771445872300344,0.610430912397944,0.06440097400427663,378.55847,349.70758,500.67017,470.40045,tile_00016_x75776_y3072_gray_matter,Image_2018-004_Temporal_pole_Iba1_Batch_3,tile_00016_x75776_y3072_gray_matter_cell_1
0,130,5,5,595,113.53910398483276,0.5800105652514402,1499,392.0904005765915,3838.5,260.7706243991852,0.3905171290868829,0.6650778086270589,0.12252905312302295,219.98593,164.07605,366.50253,285.959,tile_00022_x78848_y3072_gray_matter,Image_2018-004_Temporal_pole_Iba1_Batch_3,tile_00022_x78848_y3072_gray_matter_cell_0
1,69,0,3,455,79.35533845424652,0.907964699707265,806,191.78174459934235,1690.5,169.47230684757233,0.476782017154688,0.883672777102026,0.2753787192978063,62.5801,14.226585,116.261345,103.56621,tile_00022_x78848_y3072_gray_matter,Image_2018-004_Temporal_pole_Iba1_Batch_3,tile_00022_x78848_y3072_gray_matter_cell_1
0,118,3,5,806,128.08326029777527,0.6173908065670946,1579,403.8061298131943,3846.5,297.03397369384766,0.41050305472507476,0.7355855985426949,0.12168755900722304,122.854126,375.15717,270.59323,448.86676,tile_00025_x75264_y3584_gray_matter,Image_2018-004_Temporal_pole_Iba1_Batch_3,tile_00025_x75264_y3584_gray_matter_cell_0
1,115,6,5,806,128.08326029777527,0.6173908065670946,1546,382.8771975040436,3445.0,285.2439396381378,0.44876632801161104,0.7450011165397891,0.1325257738142303,126.52292,372.31866,269.2666,430.0987,tile_00025_x75264_y3584_gray_matter,Image_2018-004_Temporal_pole_Iba1_Batch_3,tile_00025_x75264_y3584_gray_matter_cell_1
0,114,13,1,269,59.94112491607666,0.940832618333617,925,300.14927566051483,2444.5,202.34065628051758,0.37840049089793415,0.6741334152322789,0.1290259298292157,136.3869,368.36865,215.06165,453.48523,tile_00027_x76288_y3584_gray_matter,Image_2018-004_Temporal_pole_Iba1_Batch_3,tile_00027_x76288_y3584_gray_matter_cell_0
1,74,4,3,617,95.15432798862457,0.8563236431968027,1307,217.722869515419,2446.5,238.45968079566956,0.5342325771510321,1.0952440656620226,0.3464793472409489,337.596,124.290924,412.51392,232.48001,tile_00027_x76288_y3584_gray_matter,Image_2018-004_Temporal_pole_Iba1_Batch_3,tile_00027_x76288_y3584_gray_matter_cell_1
0,213,14,1,309,65.35533845424652,0.909088590742705,1228,523.4873691797256,6520.0,334.27267372608185,0.18834355828220858,0.6385496449510668,0.056311334035501856,407.55444,4.7239685,510.81848,150.79797,tile_00032_x78848_y3584_gray_matter,Image_2018-004_Temporal_pole_Iba1_Batch_3,tile_00032_x78848_y3584_gray_matter_cell_0
0,164,27,2,390,73.69848430156708,0.9023132997105302,1097,367.9482651948929,3485.0,231.21315443515778,0.3147776183644189,0.6283849560010564,0.10182231628872665,191.08838,94.554016,294.02368,194.40988,tile_00034_x79872_y3584_gray_matter,Image_2018-004_Temporal_pole_Iba1_Batch_3,tile_00034_x79872_y3584_gray_matter_cell_0
0,36,3,2,292,62.870057225227356,0.9283355978260898,624,138.6690467596054,833.5,127.86713588237762,0.7486502699460108,0.9221029412861415,0.4077888937285404,327.0995,260.23804,370.44336,316.3546,tile_00036_x75264_y4096_gray_matter,Image_2018-004_Temporal_pole_Iba1_Batch_3,tile_00036_x75264_y4096_gray_matter_cell_0
0,158,23,4,372,73.35533845424652,0.8687390697513703,1828,326.3919162750244,3056.5,223.5383278131485,0.5980696875511206,0.6848770348368266,0.2156290488807985,39.899815,137.43802,129.94595,206.45053,tile_00038_x76288_y4096_gray_matter,Image_2018-004_Temporal_pole_Iba1_Batch_3,tile_00038_x76288_y4096_gray_matter_cell_0
1,258,34,3,372,73.35533845424652,0.8687390697513703,2251,489.24472856521606,5765.0,336.21788465976715,0.3904596704249783,0.6872182060004546,0.11817702397528561,40.913635,136.99052,204.01306,207.09837,tile_00038_x76288_y4096_gray_matter,Image_2018-004_Temporal_pole_Iba1_Batch_3,tile_00038_x76288_y4096_gray_matter_cell_1
0,87,1,3,318,65.94112491607666,0.9190185566318517,1237,275.2792184352875,2652.0,201.00684583187103,0.46644042232277527,0.7301925912693756,0.20513166755058185,0.0,365.7713,82.6207,431.1961,tile_00041_x77824_y4096_gray_matter,Image_2018-004_Temporal_pole_Iba1_Batch_3,tile_00041_x77824_y4096_gray_matter_cell_0
0,139,18,3,739,116.66904675960541,0.6822491502604968,712,280.3502861261368,3704.5,240.41550242900848,0.19219867728438386,0.8575539756033614,0.11383815549238879,133.53664,48.584705,225.94466,123.604324,tile_00042_x78336_y4096_gray_matter,Image_2018-004_Temporal_pole_Iba1_Batch_3,tile_00042_x78336_y4096_gray_matter_cell_0
0,230,24,7,1716,189.78174459934235,0.5987124348702383,2600,497.9310202598572,6841.0,314.0035670995712,0.380061394532963,0.6306166001381095,0.13177858688881483,226.05013,72.21469,356.98358,201.98892,tile_00043_x78848_y4096_gray_matter,Image_2018-004_Temporal_pole_Iba1_Batch_3,tile_00043_x78848_y4096_gray_matter_cell_0
0,336,17,8,1479,172.1248904466629,0.6273222396930237,3405,689.1269783973694,10127.0,402.4920117855072,0.33622988051742864,0.5840607383004229,0.09010076444254186,0.0,0.0,109.438324,177.48593,tile_00044_x79360_y4096_gray_matter,Image_2018-004_Temporal_pole_Iba1_Batch_3,tile_00044_x79360_y4096_gray_matter_cell_0
1,108,12,2,541,86.76955199241638,0.9029681229660836,1215,314.4924215078354,2873.0,211.77022886276245,0.4229028889662374,0.6733714849071055,0.1543710197315824,332.09137,2.7646484,431.0782,87.1794,tile_00044_x79360_y4096_gray_matter,Image_2018-004_Temporal_pole_Iba1_Batch_3,tile_00044_x79360_y4096_gray_matter_cell_1
2,36,3,3,455,80.5269113779068,0.8817372261876685,787,161.29646337032318,1032.5,128.3062310218811,0.762227602905569,0.7954683465520304,0.38013241637443396,112.26881,470.22345,173.50787,512.0,tile_00044_x79360_y4096_gray_matter,Image_2018-004_Temporal_pole_Iba1_Batch_3,tile_00044_x79360_y4096_gray_matter_cell_2
0,126,12,3,722,107.9827550649643,0.7781050857721086,1544,371.7056245803833,3389.0,229.01562368869781,0.45559161994688696,0.6161209530989273,0.14042967618180038,1.9363174,296.27454,81.894714,397.17896,tile_00045_x79872_y4096_gray_matter,Image_2018-004_Temporal_pole_Iba1_Batch_3,tile_00045_x79872_y4096_gray_matter_cell_0
0,176,11,3,543,95.5979790687561,0.7466417500189629,1063,310.0071402788162,4968.0,301.99841117858887,0.2139694041867955,0.9741659850382013,0.13899517823199567,0.0,364.377,66.61653,512.0,tile_00046_x74240_y4608_gray_matter,Image_2018-004_Temporal_pole_Iba1_Batch_3,tile_00046_x74240_y4608_gray_matter_cell_0
0,13,3,2,681,136.36753106117249,0.46018771489534166,899,175.33809351921082,1161.5,144.77446031570435,0.7739991390443393,0.8256874328329697,0.36746585924459096,396.60846,58.812675,449.13666,119.58849,tile_00047_x74752_y4608_gray_matter,Image_2018-004_Temporal_pole_Iba1_Batch_3,tile_00047_x74752_y4608_gray_matter_cell_0
0,85,3,3,870,117.15432798862457,0.796548900009037,840,243.37972366809845,2654.5,203.88359761238098,0.3164437747221699,0.8377180914644349,0.17820519598175358,322.11438,104.30504,395.1222,180.65373,tile_00048_x75264_y4608_gray_matter,Image_2018-004_Temporal_pole_Iba1_Batch_3,tile_00048_x75264_y4608_gray_matter_cell_0
1,181,8,4,360,70.5269113779068,0.9094998564231144,791,300.3502861261368,5492.0,307.0914845466614,0.14402767662053897,1.0224444547980005,0.11018697172766168,335.47375,355.3385,459.09387,484.1051,tile_00048_x75264_y4608_gray_matter,Image_2018-004_Temporal_pole_Iba1_Batch_3,tile_00048_x75264_y4608_gray_matter_cell_1
2,268,14,2,451,89.39696860313416,0.7091544314844254,997,377.11983811855316,10536.5,408.67609333992004,0.09462345181037346,1.0836769960944,0.0880939867732087,114.325226,0.0,271.47443,126.38756,tile_00048_x75264_y4608_gray_matter,Image_2018-004_Temporal_pole_Iba1_Batch_3,tile_00048_x75264_y4608_gray_matter_cell_2
0,129,7,2,420,93.49747383594513,0.6037531370916456,1036,365.0193328857422,3362.0,342.30642557144165,0.30814991076740034,0.9377761524718744,0.09770974623128854,326.07724,232.88257,505.8198,401.23962,tile_00049_x75776_y4608_gray_matter,Image_2018-004_Temporal_pole_Iba1_Batch_3,tile_00049_x75776_y4608_gray_matter_cell_0
1,104,5,3,302,63.11269783973694,0.9527595635437788,785,258.1076455116272,2199.0,224.4341834783554,0.3569804456571169,0.8695371384039267,0.1480736502181466,222.12878,314.6341,315.66693,414.29425,tile_00049_x75776_y4608_gray_matter,Image_2018-004_Temporal_pole_Iba1_Batch_3,tile_00049_x75776_y4608_gray_matter_cell_1
2,130,18,2,198,58.72792184352875,0.7214160298331608,464,245.23758828639984,1483.0,201.73428010940552,0.3128792987188132,0.8226075028670191,0.0969513300650023,0.12113953,397.68622,68.39992,512.0,tile_00049_x75776_y4608_gray_matter,Image_2018-004_Temporal_pole_Iba1_Batch_3,tile_00049_x75776_y4608_gray_matter_cell_2
0,296,21,4,369,71.94112491607666,0.8959458895026846,1257,522.4163014888763,10537.0,444.8426990509033,0.11929391667457531,0.8515099888405286,0.057877758225973006,114.64678,160.4393,256.77466,383.52945,tile_00050_x76288_y4608_gray_matter,Image_2018-004_Temporal_pole_Iba1_Batch_3,tile_00050_x76288_y4608_gray_matter_cell_0
1,57,5,2,437,79.35533845424652,0.8720452170814831,706,198.16652059555054,1490.5,147.67798626422882,0.47366655484736664,0.7452216742788421,0.22591964495339223,296.18704,162.14005,348.4722,232.53851,tile_00050_x76288_y4608_gray_matter,Image_2018-004_Temporal_pole_Iba1_Batch_3,tile_00050_x76288_y4608_gray_matter_cell_1
0,135,12,2,833,147.5807341337204,0.4806130208899028,1307,360.3330411911011,4998.5,318.0492842197418,0.26147844353305993,0.88265367829831,0.12649614117351557,261.20825,296.64032,393.46173,405.91705,tile_00052_x77312_y4608_gray_matter,Image_2018-004_Temporal_pole_Iba1_Batch_3,tile_00052_x77312_y4608_gray_matter_cell_0
0,285,33,2,303,62.870057225227356,0.9633071443195383,1486,597.0853482484818,6676.5,361.3862042427063,0.22257170673256946,0.6052504977769319,0.05237883623513633,136.6062,399.8864,318.2041,512.0,tile_00053_x77824_y4608_gray_matter,Image_2018-004_Temporal_pole_Iba1_Batch_3,tile_00053_x77824_y4608_gray_matter_cell_0
0,65,12,3,300,62.28427076339722,0.971794307425627,778,169.09545290470123,980.0,132.0016039609909,0.7938775510204081,0.780633669879842,0.3419208641796913,0.08668518,93.20565,56.30869,166.39865,tile_00054_x78336_y4608_gray_matter,Image_2018-004_Temporal_pole_Iba1_Batch_3,tile_00054_x78336_y4608_gray_matter_cell_0
0,324,14,4,833,126.22539567947388,0.6569939705562647,2141,710.0975408554077,13748.0,512.5088666677475,0.15573174279895258,0.7217443198723965,0.053356890737330694,136.12927,192.02824,309.11728,404.6502,tile_00055_x78848_y4608_gray_matter,Image_2018-004_Temporal_pole_Iba1_Batch_3,tile_00055_x78848_y4608_gray_matter_cell_0
1,48,0,4,537,88.76955199241638,0.856359448091317,744,176.61017167568207,1234.0,161.0845971107483,0.6029173419773096,0.9120912775429257,0.2997446043505502,4.656433,404.70966,89.29863,478.59302,tile_00055_x78848_y4608_gray_matter,Image_2018-004_Temporal_pole_Iba1_Batch_3,tile_00055_x78848_y4608_gray_matter_cell_1
2,273,20,4,497,86.56854152679443,0.833385713600164,1547,531.7300097942352,7571.0,327.94890236854553,0.20433232069739796,0.6167583102850499,0.0687571448514316,188.5058,18.84285,308.56647,162.21097,tile_00055_x78848_y4608_gray_matter,Image_2018-004_Temporal_pole_Iba1_Batch_3,tile_00055_x78848_y4608_gray_matter_cell_2
3,332,17,4,497,86.56854152679443,0.833385713600164,1583,551.2447285652161,9549.5,383.8292078971863,0.1657678412482329,0.6962954709720669,0.06546390079355091,185.65186,24.342102,359.94208,166.6344,tile_00055_x78848_y4608_gray_matter,Image_2018-004_Temporal_pole_Iba1_Batch_3,tile_00055_x78848_y4608_gray_matter_cell_3
0,119,7,2,414,78.76955199241638,0.8384814410114323,782,291.1787132024765,3035.0,220.96843326091766,0.25766062602965406,0.7588756431767839,0.11590371921908453,389.5841,114.75978,481.3689,192.34468,tile_00056_x79360_y4608_gray_matter,Image_2018-004_Temporal_pole_Iba1_Batch_3,tile_00056_x79360_y4608_gray_matter_cell_0
1,36,0,1,560,89.01219260692596,0.8881757124653616,1172,151.0538227558136,1250.5,139.77594327926636,0.9372251099560176,0.9253386688877214,0.6454669867529739,0.0,232.96938,45.55682,298.5775,tile_00056_x79360_y4608_gray_matter,Image_2018-004_Temporal_pole_Iba1_Batch_3,tile_00056_x79360_y4608_gray_matter_cell_1
0,101,3,4,441,89.5979790687561,0.6903224946950719,807,245.76449966430664,2070.0,243.83979606628418,0.3898550724637681,0.9921685043989208,0.1678978361510843,179.2215,113.174225,254.66614,222.91766,tile_00058_x52224_y5120_gray_matter,Image_2018-004_Temporal_pole_Iba1_Batch_3,tile_00058_x52224_y5120_gray_matter_cell_0
0,107,7,2,376,79.35533845424652,0.7503180815163333,1012,294.3502861261368,3392.0,239.816397190094,0.2983490566037736,0.8147313201092877,0.1467781643239146,323.41202,83.57675,390.29745,181.64755,tile_00060_x66560_y5120_gray_matter,Image_2018-004_Temporal_pole_Iba1_Batch_3,tile_00060_x66560_y5120_gray_matter_cell_0
1,90,5,5,624,111.63960921764374,0.6291552696048525,1003,283.8061298131943,2625.0,243.65410363674164,0.3820952380952381,0.8585230481001895,0.15648303269342653,251.38669,50.37996,299.66428,161.96341,tile_00060_x66560_y5120_gray_matter,Image_2018-004_Temporal_pole_Iba1_Batch_3,tile_00060_x66560_y5120_gray_matter_cell_1
0,141,4,3,335,67.94112491607666,0.9119881691798739,1046,352.634556889534,4113.5,283.12036323547363,0.25428467242008024,0.8028718618299331,0.1057040944242864,322.9478,54.998047,421.5755,192.10117,tile_00062_x67584_y5120_gray_matter,Image_2018-004_Temporal_pole_Iba1_Batch_3,tile_00062_x67584_y5120_gray_matter_cell_0
1,29,0,2,558,89.49747383594513,0.8754321841512339,984,159.1959581375122,1307.5,139.58478939533234,0.7525812619502869,0.8768111391041731,0.48791131315279185,213.8388,82.91611,272.5426,138.6378,tile_00062_x67584_y5120_gray_matter,Image_2018-004_Temporal_pole_Iba1_Batch_3,tile_00062_x67584_y5120_gray_matter_cell_1
0,186,15,4,324,68.18376553058624,0.8757757393602977,1662,424.7766922712326,4757.0,334.2175827026367,0.3493798612570948,0.7868077245849187,0.11574960721752205,248.30708,284.32233,390.97223,393.7647,tile_00063_x68096_y5120_gray_matter,Image_2018-004_Temporal_pole_Iba1_Batch_3,tile_00063_x68096_y5120_gray_matter_cell_0
0,174,6,2,467,83.5979790687561,0.839721334084955,1473,426.9188276529312,5818.0,331.3581943511963,0.25317978686833964,0.7761620544422977,0.1015598368551153,274.68146,96.874084,410.8747,258.14648,tile_00065_x69120_y5120_gray_matter,Image_2018-004_Temporal_pole_Iba1_Batch_3,tile_00065_x69120_y5120_gray_matter_cell_0
0,61,0,2,348,71.5979790687561,0.8530757170828557,652,203.722869515419,1327.0,188.87673103809357,0.49133383571966843,0.9271258130585001,0.19741397362606444,424.62305,313.14075,510.75293,382.70886,tile_00067_x73216_y5120_gray_matter,Image_2018-004_Temporal_pole_Iba1_Batch_3,tile_00067_x73216_y5120_gray_matter_cell_0
0,268,12,4,403,76.76955199241638,0.8592843414252669,1338,426.9188276529312,9593.5,392.2895961999893,0.13946943242820659,0.9188856775342451,0.09225190883377071,157.52136,366.88892,273.20276,512.0,tile_00069_x74240_y5120_gray_matter,Image_2018-004_Temporal_pole_Iba1_Batch_3,tile_00069_x74240_y5120_gray_matter_cell_0
1,13,0,4,710,120.1248904466629,0.6183042099146309,848,180.16652059555054,1218.5,140.19296407699585,0.6959376282314321,0.7781299411987318,0.3282899088451146,326.75964,0.0,373.26123,59.788536,tile_00069_x74240_y5120_gray_matter,Image_2018-004_Temporal_pole_Iba1_Batch_3,tile_00069_x74240_y5120_gray_matter_cell_1
2,52,7,2,379,77.11269783973694,0.8009350124625442,808,202.16652059555054,1394.0,149.31567323207855,0.5796269727403156,0.7385776477342452,0.24842926325304013,372.59454,308.9597,446.36102,376.5834,tile_00069_x74240_y5120_gray_matter,Image_2018-004_Temporal_pole_Iba1_Batch_3,tile_00069_x74240_y5120_gray_matter_cell_2
0,167,15,1,333,76.76955199241638,0.7100289967608285,1680,472.3746713399887,5700.0,294.52886378765106,0.29473684210526313,0.6235068932721538,0.09461193837204986,97.80025,61.813778,204.38512,157.09344,tile_00070_x74752_y5120_gray_matter,Image_2018-004_Temporal_pole_Iba1_Batch_3,tile_00070_x74752_y5120_gray_matter_cell_0
1,202,12,2,354,71.35533845424652,0.8736956736308761,1368,495.3868639469147,5965.0,341.2566499710083,0.22933780385582564,0.6888689927143025,0.07004981437133498,53.55466,355.7326,143.26205,510.59552,tile_00070_x74752_y5120_gray_matter,Image_2018-004_Temporal_pole_Iba1_Batch_3,tile_00070_x74752_y5120_gray_matter_cell_1
0,171,10,3,466,82.28427076339722,0.8648925008332338,772,328.534051656723,3777.5,262.90226793289185,0.2043679682329583,0.800228367827125,0.08988068736274328,392.38275,0.043701172,511.4449,84.19026,tile_00072_x75776_y5120_gray_matter,Image_2018-004_Temporal_pole_Iba1_Batch_3,tile_00072_x75776_y5120_gray_matter_cell_0
1,352,25,3,423,78.76955199241638,0.8567092984247243,2003,759.9970356225967,14135.5,463.0945785045624,0.14169997523964487,0.609337348434775,0.04357797211936174,200.27603,199.88026,357.66843,391.94666,tile_00072_x75776_y5120_gray_matter,Image_2018-004_Temporal_pole_Iba1_Batch_3,tile_00072_x75776_y5120_gray_matter_cell_1
2,54,10,2,526,95.94112491607666,0.7181017673571547,466,188.85281229019165,1139.5,131.32268261909485,0.40895129442738043,0.6953705429459219,0.16419081846223652,150.65533,0.0,228.17838,46.344574,tile_00072_x75776_y5120_gray_matter,Image_2018-004_Temporal_pole_Iba1_Batch_3,tile_00072_x75776_y5120_gray_matter_cell_2
0,202,15,4,614,96.81118214130402,0.8232413737378408,1737,530.1147857904434,6689.0,326.8084033727646,0.25968007175960534,0.6164861123152171,0.07767295847877921,96.132454,352.2629,242.1623,481.5717,tile_00073_x76288_y5120_gray_matter,Image_2018-004_Temporal_pole_Iba1_Batch_3,tile_00073_x76288_y5120_gray_matter_cell_0
1,93,5,2,408,74.76955199241638,0.9171079755229331,920,239.52185904979706,2158.0,196.38320088386536,0.4263206672845227,0.8198967796214245,0.20151500227324706,127.45071,257.57867,208.84586,329.4995,tile_00073_x76288_y5120_gray_matter,Image_2018-004_Temporal_pole_Iba1_Batch_3,tile_00073_x76288_y5120_gray_matter_cell_1
0,123,7,3,405,113.84061968326569,0.39270857549308086,852,340.634556889534,3231.0,267.6600983142853,0.26369545032497677,0.7857690680546133,0.09227244955148241,0.032382965,149.55908,52.67171,295.2339,tile_00074_x76800_y5120_gray_matter,Image_2018-004_Temporal_pole_Iba1_Batch_3,tile_00074_x76800_y5120_gray_matter_cell_0
1,125,12,2,343,66.5269113779068,0.9738885546008195,911,222.89444243907928,2793.5,214.12456130981445,0.3261141936638625,0.9606545545357786,0.23042508736030778,124.03757,444.5319,226.15439,511.99942,tile_00074_x76800_y5120_gray_matter,Image_2018-004_Temporal_pole_Iba1_Batch_3,tile_00074_x76800_y5120_gray_matter_cell_1
0,167,25,4,297,64.5269113779068,0.896364313167685,1082,362.29141104221344,3921.5,265.6552230119705,0.27591482850949894,0.7332639276425378,0.10359076693764892,294.21423,137.78638,365.04004,246.50891,tile_00076_x48128_y5632_gray_matter,Image_2018-004_Temporal_pole_Iba1_Batch_3,tile_00076_x48128_y5632_gray_matter_cell_0
0,337,25,2,407,76.62741661071777,0.8710355991281508,1518,674.9848430156708,8666.5,451.1514347791672,0.1751572145618185,0.6683875044712567,0.041869096966719074,10.552574,417.16125,258.50974,512.0,tile_00077_x48640_y5632_gray_matter,Image_2018-004_Temporal_pole_Iba1_Batch_3,tile_00077_x48640_y5632_gray_matter_cell_0
0,229,12,3,335,68.18376553058624,0.9055088663138882,1283,472.3330411911011,6282.5,357.2986286878586,0.20421806605650616,0.7564548687655734,0.07226697341345625,0.0,388.841,176.0756,463.24097,tile_00078_x49152_y5632_gray_matter,Image_2018-004_Temporal_pole_Iba1_Batch_3,tile_00078_x49152_y5632_gray_matter_cell_0
0,122,14,3,295,61.69848430156708,0.9738294175332733,999,340.04877042770386,3060.5,251.3261046409607,0.326417252082993,0.7390884087739819,0.1085657744119704,66.66586,278.41626,162.46426,380.88074,tile_00079_x49664_y5632_gray_matter,Image_2018-004_Temporal_pole_Iba1_Batch_3,tile_00079_x49664_y5632_gray_matter_cell_0
0,399,35,3,299,64.5269113779068,0.9024004364886795,2232,762.0975408554077,11225.0,450.914710521698,0.19884187082405344,0.5916758503321949,0.048292860872917606,303.42426,401.17853,512.0,512.0,tile_00081_x50688_y5632_gray_matter,Image_2018-004_Temporal_pole_Iba1_Batch_3,tile_00081_x50688_y5632_gray_matter_cell_0
0,59,1,2,339,66.5269113779068,0.9625312536725298,901,190.40916121006012,1188.0,163.46350181102753,0.7584175084175084,0.8584854886824167,0.3122906454038242,425.68402,389.54614,510.51532,435.89337,tile_00082_x51200_y5632_gray_matter,Image_2018-004_Temporal_pole_Iba1_Batch_3,tile_00082_x51200_y5632_gray_matter_cell_0
1,369,46,3,346,67.11269783973694,0.9653317008776463,1863,709.1269783973694,8833.0,404.0762619972229,0.21091361938186345,0.5698221535872705,0.0465558974074829,270.49268,418.55856,432.18872,511.58713,tile_00082_x51200_y5632_gray_matter,Image_2018-004_Temporal_pole_Iba1_Batch_3,tile_00082_x51200_y5632_gray_matter_cell_1
2,217,25,2,278,60.28427076339722,0.9612727615161165,874,427.9898953437805,3062.0,217.94492828845978,0.28543435662965383,0.5092291445651929,0.059958984033541,0.0,239.27103,95.30928,316.40872,tile_00082_x51200_y5632_gray_matter,Image_2018-004_Temporal_pole_Iba1_Batch_3,tile_00082_x51200_y5632_gray_matter_cell_2
0,535,38,3,694,104.08326029777527,0.8050216481662864,3491,1067.7615352869034,20533.0,572.1925933361053,0.17001899381483465,0.5358805074228109,0.03847788293535048,308.05487,357.31284,511.8933,509.32993,tile_00084_x52224_y5632_gray_matter,Image_2018-004_Temporal_pole_Iba1_Batch_3,tile_00084_x52224_y5632_gray_matter_cell_0
1,484,38,5,452,81.94112491607666,0.845949533426437,2742,875.5533845424652,17300.0,503.45030307769775,0.1584971098265896,0.5750081171130232,0.04494817386682915,37.21173,0.17884827,194.73965,183.08847,tile_00084_x52224_y5632_gray_matter,Image_2018-004_Temporal_pole_Iba1_Batch_3,tile_00084_x52224_y5632_gray_matter_cell_1
2,126,9,2,228,54.28427076339722,0.9722919609287631,643,298.9360725879669,2342.5,215.21597969532013,0.27449306296691567,0.7199398113186533,0.09041993447872144,170.91672,278.70447,255.93997,359.75012,tile_00084_x52224_y5632_gray_matter,Image_2018-004_Temporal_pole_Iba1_Batch_3,tile_00084_x52224_y5632_gray_matter_cell_2
0,259,33,4,588,96.76955199241638,0.7890594569126653,1799,596.256921172142,6850.5,329.2519636154175,0.26260856871761185,0.5521981413115723,0.06358785289958374,62.677124,89.403564,190.14377,204.82565,tile_00085_x52736_y5632_gray_matter,Image_2018-004_Temporal_pole_Iba1_Batch_3,tile_00085_x52736_y5632_gray_matter_cell_0
0,93,9,2,190,52.97056245803833,0.850930903040038,660,238.40916121006012,1741.0,182.14212274551392,0.3790924755887421,0.7639896127356874,0.14591768134248032,197.56433,0.0,285.58398,61.762604,tile_00086_x53248_y5632_gray_matter,Image_2018-004_Temporal_pole_Iba1_Batch_3,tile_00086_x53248_y5632_gray_matter_cell_0
1,46,0,3,329,67.11269783973694,0.9179021086379932,798,180.36753106117249,1273.5,153.53961563110352,0.6266195524146054,0.8512597291085048,0.3082449954662161,143.59515,280.18896,234.48016,338.7268,tile_00086_x53248_y5632_gray_matter,Image_2018-004_Temporal_pole_Iba1_Batch_3,tile_00086_x53248_y5632_gray_matter_cell_1
0,178,10,4,366,70.5269113779068,0.9246581873634995,1483,429.1614682674408,5210.5,289.84809362888336,0.2846175990787832,0.6753823795016438,0.10118347024843667,117.69651,245.43811,249.91977,326.92133,tile_00087_x53760_y5632_gray_matter,Image_2018-004_Temporal_pole_Iba1_Batch_3,tile_00087_x53760_y5632_gray_matter_cell_0
0,143,9,5,667,123.9827550649643,0.5452719189625096,1325,388.9188276529312,4330.0,258.9801368713379,0.30600461893764436,0.6658976589902975,0.11007984424176348,416.71832,244.99188,497.6706,351.12732,tile_00088_x54272_y5632_gray_matter,Image_2018-004_Temporal_pole_Iba1_Batch_3,tile_00088_x54272_y5632_gray_matter_cell_0
1,70,11,3,697,124.46803629398346,0.565362457983595,848,196.06601536273956,1198.0,149.43251931667328,0.7078464106844741,0.7621541093708148,0.2772050071736115,81.5054,71.38724,133.81293,133.12167,tile_00088_x54272_y5632_gray_matter,Image_2018-004_Temporal_pole_Iba1_Batch_3,tile_00088_x54272_y5632_gray_matter_cell_1
0,264,32,2,312,64.5269113779068,0.9416352380751438,1421,535.2863587141037,5984.5,298.6897200345993,0.23744673740496283,0.5579998727263091,0.06232059486085695,301.00397,350.19922,425.60303,461.57263,tile_00090_x55296_y5632_gray_matter,Image_2018-004_Temporal_pole_Iba1_Batch_3,tile_00090_x55296_y5632_gray_matter_cell_0
0,105,3,2,524,97.74011445045471,0.6892796623390338,1157,278.73506212234497,2798.0,224.93586146831512,0.4135096497498213,0.8069880400248469,0.18713715328878094,310.5044,225.70303,396.37042,343.80435,tile_00091_x55808_y5632_gray_matter,Image_2018-004_Temporal_pole_Iba1_Batch_3,tile_00091_x55808_y5632_gray_matter_cell_0
0,67,3,2,276,59.69848430156708,0.9731781205432379,758,222.06601536273956,1672.5,165.9303388595581,0.4532137518684604,0.7472117630809687,0.19315896510085517,309.81348,443.4709,359.83612,507.3078,tile_00093_x56832_y5632_gray_matter,Image_2018-004_Temporal_pole_Iba1_Batch_3,tile_00093_x56832_y5632_gray_matter_cell_0
1,82,3,2,331,65.69848430156708,0.9636673773846779,963,234.45079135894775,2399.5,205.61883556842804,0.4013336111689935,0.8770234230245034,0.2201571249879341,438.58105,391.5044,511.43738,481.0517,tile_00093_x56832_y5632_gray_matter,Image_2018-004_Temporal_pole_Iba1_Batch_3,tile_00093_x56832_y5632_gray_matter_cell_1
0,317,17,5,331,65.69848430156708,0.9636673773846779,2169,561.3868639469147,8414.5,360.23150515556335,0.25776932675738307,0.641681393509819,0.08648582320758166,417.33478,275.53046,512.0,428.72638,tile_00095_x57856_y5632_gray_matter,Image_2018-004_Temporal_pole_Iba1_Batch_3,tile_00095_x57856_y5632_gray_matter_cell_0
1,170,19,1,567,101.4558436870575,0.6922114670516036,1358,375.7056245803833,5577.5,315.04373025894165,0.24347826086956523,0.8385387645202451,0.12089664261046291,30.750092,390.60217,164.91412,512.0,tile_00095_x57856_y5632_gray_matter,Image_2018-004_Temporal_pole_Iba1_Batch_3,tile_00095_x57856_y5632_gray_matter_cell_1
0,121,5,2,416,81.79898953437805,0.7812810973831125,914,262.20815074443817,3359.5,228.89362847805023,0.272064295282036,0.872946275042159,0.16705661780785286,0.0,0.3351593,62.70213,87.56608,tile_00097_x58880_y5632_gray_matter,Image_2018-004_Temporal_pole_Iba1_Batch_3,tile_00097_x58880_y5632_gray_matter_cell_0
1,78,3,2,522,85.25483322143555,0.9024898967087158,1494,248.20815074443817,1971.5,214.0231555700302,0.7577986304844028,0.8622728743118281,0.3047392425078689,402.4756,200.75397,510.0559,248.13397,tile_00097_x58880_y5632_gray_matter,Image_2018-004_Temporal_pole_Iba1_Batch_3,tile_00097_x58880_y5632_gray_matter_cell_1
2,310,21,4,839,139.4385987520218,0.5422577968574614,1798,600.6000670194626,9601.0,370.100106716156,0.18727215915008855,0.6162172251375437,0.0626366898783515,0.27300262,275.39633,120.27,392.2086,tile_00097_x58880_y5632_gray_matter,Image_2018-004_Temporal_pole_Iba1_Batch_3,tile_00097_x58880_y5632_gray_matter_cell_2
3,68,0,5,695,209.5979790687561,0.19880187989906536,864,329.0365778207779,2348.5,241.49833130836487,0.3678944006812859,0.7339558808562189,0.10028483107742249,467.27344,349.92865,512.0,485.98444,tile_00097_x58880_y5632_gray_matter,Image_2018-004_Temporal_pole_Iba1_Batch_3,tile_00097_x58880_y5632_gray_matter_cell_3
4,246,13,4,272,60.28427076339722,0.9405258673826752,1073,523.345233798027,5613.0,327.5767352581024,0.19116337074648138,0.6259285727717606,0.04923036314632169,0.6310425,440.24353,156.23917,512.0,tile_00097_x58880_y5632_gray_matter,Image_2018-004_Temporal_pole_Iba1_Batch_3,tile_00097_x58880_y5632_gray_matter_cell_4
0,156,13,1,386,77.4558436870575,0.808516320693184,848,310.59292674064636,3076.5,215.62874722480774,0.27563790021127904,0.694248737366977,0.11046446511959922,0.0,349.4934,77.169975,477.03088,tile_00098_x59392_y5632_gray_matter,Image_2018-004_Temporal_pole_Iba1_Batch_3,tile_00098_x59392_y5632_gray_matter_cell_0
0,6,0,2,464,82.5269113779068,0.8561239789178883,522,92.42640614509583,518.5,85.46320593357086,1.0067502410800386,0.9246622204417019,0.7678709434251028,256.4748,87.542435,287.08502,121.04535,tile_00100_x60416_y5632_gray_matter,Image_2018-004_Temporal_pole_Iba1_Batch_3,tile_00100_x60416_y5632_gray_matter_cell_0
